;;102;93;101;102;111;108;99;101;93;99;102;97;92;91;91;88;88;88;87;88;91;92;92;90;92;89;99;89;;79;94;94;82;98;116;117;119;102;109;113;112;113;115;116;115;113;114;116;116;116;113;112;111;122;116;111;85;;95;146;142;125;144;175;177;180;183;190;195;196;198;202;206;204;199;202;206;207;203;201;200;201;218;212;184;127;;87;165;168;161;177;196;188;190;197;202;204;203;204;208;209;207;202;207;211;211;207;207;211;216;211;215;184;118;;101;190;197;212;215;217;203;210;207;209;208;205;207;209;208;205;205;209;211;210;207;208;214;221;206;218;184;113;;93;179;186;217;207;206;199;206;206;208;207;204;206;210;209;204;209;211;210;208;205;207;211;216;213;224;178;97;;88;175;183;223;199;207;208;206;206;206;205;203;207;212;212;208;208;209;210;211;212;212;211;212;208;221;178;104;;83;173;186;226;195;210;216;199;207;207;205;204;207;213;212;207;202;204;208;213;217;217;214;211;207;224;186;119;;78;165;188;210;214;196;212;203;207;205;208;213;212;206;209;216;202;213;214;214;218;213;207;212;217;212;186;116;;79;170;197;214;218;204;220;209;207;207;208;208;205;201;204;208;216;214;206;204;213;215;211;213;212;209;183;113;;83;177;207;212;211;203;213;200;210;214;216;213;212;214;215;214;218;210;202;202;210;212;206;201;212;211;186;114;;80;176;212;209;209;208;213;201;205;212;215;214;213;216;214;208;220;214;213;211;204;204;205;202;210;211;187;112;;74;167;213;212;216;222;223;214;225;229;228;221;213;205;193;183;182;191;213;218;200;199;212;215;205;208;184;106;;77;163;214;215;217;216;201;190;171;164;156;149;135;115;98;90;86;120;185;221;208;203;213;208;206;212;188;107;;82;160;214;216;211;192;154;138;121;107;102;107;102;87;80;84;70;103;177;220;210;207;213;199;210;218;195;113;;79;153;212;217;211;181;129;110;100;84;85;106;118;115;123;138;156;160;197;217;199;204;221;211;207;218;195;113;;79;162;204;218;221;202;183;164;161;164;178;198;206;202;206;216;203;204;203;202;206;212;213;209;206;220;182;106;;73;158;200;211;214;207;207;203;211;207;211;217;215;205;206;213;204;206;204;202;206;210;211;208;208;220;178;101;;75;162;204;210;209;203;214;219;218;211;209;210;206;198;198;205;208;209;207;204;206;210;210;207;214;225;184;109;;74;162;206;211;209;200;206;208;212;208;207;209;209;206;208;214;209;210;208;206;207;211;212;209;204;214;174;104;;69;154;197;206;210;204;208;206;213;210;210;212;212;209;208;210;208;209;208;206;208;213;214;212;210;214;171;101;;77;157;192;200;207;205;210;208;207;206;206;208;209;207;205;203;208;209;208;206;209;214;215;211;220;221;176;107;;81;160;195;201;207;204;209;207;211;211;211;212;216;218;217;215;211;212;209;206;208;212;213;209;211;210;165;98;;68;153;195;207;212;207;212;210;212;210;207;206;209;213;212;208;214;213;211;207;208;211;210;207;218;215;169;101;;74;148;199;204;206;213;213;208;213;211;208;209;212;215;215;215;211;210;209;211;214;214;211;208;206;231;184;110;;80;152;208;217;214;215;219;226;217;219;221;222;220;220;223;226;222;221;220;222;224;223;220;217;225;242;195;127;;81;127;163;170;167;158;158;169;166;173;179;179;175;173;177;183;181;180;179;180;180;177;174;172;171;184;154;110;;89;94;95;100;107;98;90;97;81;87;94;97;96;95;96;99;99;99;99;98;96;94;91;88;94;107;99;87
;;92;76;91;97;86;92;97;94;96;94;89;87;85;86;88;90;90;82;84;98;105;97;90;90;83;93;96;88;;79;80;99;101;97;115;124;113;112;109;107;105;104;104;107;108;115;116;117;119;122;126;123;117;120;123;115;80;;131;152;172;174;177;200;212;194;206;205;202;200;200;201;203;204;197;205;205;195;197;208;209;202;217;213;193;115;;130;161;177;184;188;201;212;196;206;204;202;201;200;200;202;202;201;207;206;200;198;204;208;206;209;212;200;110;;138;172;182;198;202;197;208;200;208;207;205;202;200;200;200;200;209;205;207;212;211;205;205;212;205;216;210;120;;138;180;184;204;211;195;207;203;212;210;210;207;206;205;205;205;212;204;205;214;214;204;203;211;209;219;200;110;;130;188;188;202;210;198;213;201;201;201;201;201;201;201;202;202;210;205;204;207;208;206;203;202;203;212;187;113;;122;194;192;196;205;202;217;197;204;204;205;207;208;210;211;211;208;211;206;198;202;211;208;197;207;217;190;128;;122;201;196;204;205;209;207;202;208;205;202;204;208;211;210;208;216;202;210;198;201;215;201;207;212;212;184;107;;127;199;188;199;203;208;208;207;203;205;207;208;207;205;203;202;211;202;211;202;204;214;203;209;212;216;191;116;;143;207;192;202;204;203;205;207;205;210;215;216;211;208;208;209;213;207;214;208;207;211;201;206;211;217;196;123;;135;201;190;203;202;198;200;207;208;209;209;207;204;205;208;211;198;195;199;202;204;206;206;211;208;214;194;120;;128;204;201;216;214;211;217;226;236;228;217;209;207;209;211;212;216;214;210;214;213;205;206;206;208;213;191;114;;131;210;202;206;199;200;204;207;181;169;153;141;137;136;134;132;185;186;183;203;210;201;207;203;208;215;193;115;;128;198;173;157;146;150;150;142;123;118;111;103;98;95;92;90;94;106;116;163;195;199;213;208;205;214;195;119;;136;200;159;132;124;135;134;119;90;96;103;104;100;96;94;95;98;111;120;172;204;200;208;196;202;213;196;124;;122;205;195;183;171;187;191;169;146;143;162;184;184;180;189;197;201;198;198;201;201;199;200;204;212;216;202;112;;118;201;200;202;196;210;215;197;207;201;209;217;207;200;205;207;202;199;199;203;203;200;200;204;208;214;201;110;;120;198;200;212;207;211;212;200;210;205;209;207;196;195;201;199;206;203;203;205;205;202;202;206;206;211;197;107;;126;194;193;209;201;198;198;194;197;196;201;199;192;200;208;202;209;206;205;208;207;203;203;207;208;212;196;104;;130;192;188;206;200;198;204;208;204;204;209;208;202;207;213;205;210;207;206;209;208;204;204;208;209;213;197;104;;135;197;191;207;201;201;209;213;203;198;204;207;202;203;206;200;208;205;205;208;207;204;204;207;208;212;198;107;;130;197;194;209;201;200;205;203;207;196;201;211;207;205;209;209;206;203;203;206;206;204;204;207;208;212;197;107;;114;187;191;209;205;205;209;202;215;198;200;211;206;200;204;208;204;201;201;205;206;203;204;208;208;212;197;105;;115;175;201;201;213;205;191;201;207;208;208;205;205;206;208;208;209;206;212;212;205;206;212;209;205;225;211;105;;128;180;203;203;218;217;207;216;207;210;211;209;207;207;209;211;207;204;211;213;206;208;215;213;209;220;204;106;;123;162;175;175;189;191;184;190;198;203;207;205;199;196;200;206;200;196;203;206;201;205;213;210;214;216;200;118;;73;94;96;91;98;100;94;96;93;99;104;103;94;88;94;103;96;91;96;100;95;100;107;104;81;91;107;74
;;78;85;105;97;100;85;93;95;95;95;93;85;84;86;87;86;90;89;86;83;79;81;84;88;93;90;87;83;;98;124;163;167;181;177;196;201;197;197;193;184;180;179;177;173;178;178;178;180;181;179;174;170;183;181;179;177;;94;133;181;182;190;184;199;199;195;197;196;193;192;192;192;188;202;201;199;202;207;205;197;189;196;197;199;201;;87;134;189;190;201;199;213;207;198;202;205;204;206;208;209;207;213;209;204;203;206;208;206;202;203;204;207;209;;80;125;179;184;199;200;212;203;201;205;206;202;200;199;196;191;200;199;197;195;194;195;196;198;201;200;199;198;;102;143;195;200;209;201;212;205;209;212;212;208;204;203;199;195;205;209;212;213;211;208;208;210;207;206;205;204;;84;126;184;197;206;193;206;210;204;208;210;207;206;207;206;203;201;201;202;202;204;205;206;204;195;196;199;201;;91;134;196;208;207;185;197;207;206;210;210;206;204;206;205;202;209;202;192;192;199;205;209;209;204;207;210;212;;90;135;198;206;203;194;208;200;208;214;205;210;223;207;193;214;210;140;107;154;206;209;199;203;203;201;205;213;;83;132;194;197;200;200;208;183;177;192;213;213;199;206;215;203;178;142;123;152;193;210;206;200;205;203;205;212;;81;132;192;192;200;204;207;170;128;149;205;220;193;214;222;168;134;109;120;172;203;196;198;219;208;205;205;210;;86;133;192;196;203;203;206;176;107;114;170;215;218;223;197;129;109;111;146;197;213;197;199;221;210;206;206;209;;88;126;187;202;205;195;208;200;144;119;126;180;224;208;154;117;129;173;205;203;199;210;212;199;210;206;206;210;;83;119;184;202;204;191;212;217;197;153;106;130;179;158;122;137;178;204;217;204;195;203;208;203;209;205;205;210;;84;125;190;201;202;194;216;214;218;194;141;115;123;115;126;176;208;197;197;207;204;193;199;218;209;205;206;210;;90;138;198;200;200;199;215;202;214;225;195;138;98;102;151;209;210;205;201;202;205;206;206;207;209;205;205;209;;85;125;191;194;207;208;208;205;210;219;173;119;104;93;119;184;209;212;207;206;210;206;204;215;209;205;203;206;;83;123;190;193;206;207;206;204;222;182;129;120;140;124;104;119;177;197;205;205;206;203;200;208;209;205;204;209;;82;121;188;192;205;204;205;205;182;122;102;159;212;191;134;101;121;163;199;212;214;205;202;210;207;204;206;212;;81;118;187;191;203;201;203;206;143;103;119;189;228;214;174;138;88;122;164;200;217;207;202;216;204;203;206;213;;82;119;186;192;202;198;201;207;190;169;181;205;203;202;204;192;129;109;109;154;200;204;199;213;203;202;205;212;;84;120;186;193;202;195;199;208;224;214;218;213;196;203;219;213;209;144;95;124;185;206;203;210;206;203;204;211;;87;122;188;195;202;193;197;207;202;199;200;200;197;205;209;200;232;190;148;154;192;209;207;211;210;206;206;210;;89;123;190;196;202;192;196;207;216;206;197;199;204;209;208;207;200;213;210;202;204;205;204;209;214;209;207;211;;88;121;188;191;203;194;203;214;204;205;204;202;200;200;203;207;202;201;214;209;201;201;196;211;213;216;200;225;;81;116;186;196;211;204;206;211;206;207;206;205;203;204;207;210;211;205;215;210;205;207;202;215;214;217;202;228;;97;126;184;195;208;205;201;204;216;216;215;212;208;207;209;212;219;208;213;208;207;212;206;217;218;221;206;233;;79;95;132;136;142;146;139;144;155;155;151;145;139;135;134;136;151;134;135;129;132;140;134;143;149;152;138;165
;;89;76;91;68;89;82;63;84;78;88;90;79;76;82;85;82;90;92;94;96;97;97;95;94;95;93;77;80;;97;86;123;123;151;153;139;151;139;146;146;140;140;147;145;137;137;136;135;133;129;123;119;116;135;127;96;86;;106;92;152;171;193;199;190;187;187;191;192;189;193;198;192;181;195;196;196;194;191;188;185;183;177;163;113;88;;105;86;160;186;193;196;195;186;196;200;200;198;200;204;200;194;186;188;190;191;191;192;191;192;196;182;120;84;;102;80;162;189;187;190;200;197;194;199;200;196;194;196;198;200;201;201;202;202;201;200;200;199;200;192;124;79;;110;88;164;189;190;193;205;209;197;200;201;199;195;195;200;205;194;194;194;194;194;194;195;195;200;202;133;81;;116;92;160;184;195;195;198;202;199;199;200;201;200;199;201;202;192;193;193;195;197;199;201;203;199;210;141;84;;109;86;149;177;199;199;194;198;199;197;197;202;205;204;199;196;199;199;198;197;197;197;199;199;197;212;142;85;;118;90;144;195;194;198;200;195;194;214;207;195;204;205;198;203;203;198;197;201;199;193;194;201;201;208;121;87;;115;93;147;192;189;198;205;203;214;203;194;203;212;204;199;209;197;199;201;201;197;195;197;199;203;210;123;89;;115;92;143;189;194;207;205;187;181;194;204;199;192;201;208;199;200;203;207;205;202;197;195;195;201;209;123;90;;118;89;138;192;206;219;200;161;123;154;197;206;191;202;216;205;199;191;193;206;208;196;190;196;196;205;121;90;;117;90;143;197;208;217;202;171;118;103;144;210;226;211;205;204;168;147;154;191;208;194;190;204;196;205;121;89;;114;93;152;202;199;205;210;206;159;119;116;166;210;211;176;142;134;113;125;172;199;191;193;211;200;208;123;90;;118;90;147;201;199;201;213;219;200;181;142;120;144;165;142;106;143;136;148;177;194;192;194;204;198;207;123;90;;124;82;135;199;207;208;208;206;222;216;169;116;100;103;117;142;176;183;191;195;195;194;192;192;193;204;120;90;;111;86;140;199;208;210;212;217;203;234;193;128;103;86;112;186;207;201;199;201;197;191;192;198;199;212;129;94;;111;82;129;187;204;212;206;197;218;190;140;121;123;94;97;154;195;201;202;194;189;192;198;202;199;210;127;92;;107;91;143;191;200;215;221;221;186;137;107;140;170;144;111;116;149;181;204;200;189;189;196;199;199;208;124;90;;109;98;155;203;210;214;201;182;117;107;128;177;214;206;155;104;102;143;188;208;202;191;191;197;199;206;122;91;;117;92;141;200;220;211;151;90;103;126;169;203;218;220;191;144;106;111;139;184;206;199;193;198;199;204;120;93;;118;88;133;194;215;211;167;122;164;175;198;210;204;201;205;203;151;106;90;137;188;201;195;195;200;202;118;94;;118;91;139;192;204;210;210;207;209;207;206;206;201;197;205;220;192;136;101;128;176;197;195;193;200;200;115;92;;126;91;135;191;204;207;204;203;201;206;202;200;210;211;201;196;210;175;148;158;183;197;199;197;199;199;113;90;;128;90;136;189;195;205;210;203;207;205;203;204;207;208;205;203;201;206;204;196;193;196;197;195;191;193;126;78;;122;89;138;192;201;210;213;207;206;201;198;198;201;203;202;201;209;213;210;203;199;201;203;201;212;210;136;79;;137;103;143;190;198;206;209;210;215;209;204;204;207;210;210;210;203;207;205;200;198;201;204;204;196;202;136;82;;115;77;100;130;135;141;147;156;153;147;140;138;141;145;148;149;139;142;141;141;143;148;153;157;157;176;129;88
;;94;87;84;86;88;99;95;96;98;82;81;90;94;92;87;78;86;89;90;87;84;85;86;86;86;91;93;91;;92;91;106;112;116;125;119;120;112;121;130;131;124;122;133;147;121;123;123;119;116;114;114;114;116;117;102;81;;86;95;143;163;177;189;190;193;194;196;190;193;211;213;199;190;205;205;205;204;201;198;198;201;213;209;168;115;;92;104;173;190;199;204;202;203;193;213;216;213;215;207;193;190;201;201;202;204;202;200;201;205;210;213;164;100;;91;98;187;197;203;205;207;207;216;214;205;200;207;213;212;210;205;203;204;208;207;203;205;211;206;217;167;101;;87;89;196;204;213;219;226;228;226;175;139;138;157;188;204;196;212;207;208;212;209;204;204;211;203;217;166;101;;95;89;202;201;204;206;209;206;196;149;136;137;123;149;197;210;210;205;205;211;210;202;202;211;198;212;165;109;;88;80;200;200;208;213;219;216;186;124;124;150;145;171;210;202;206;200;202;210;209;202;205;215;211;222;169;111;;83;95;193;204;210;220;211;216;219;179;127;105;127;169;196;202;198;195;208;216;205;198;206;211;211;225;164;107;;94;97;188;199;207;219;210;216;218;198;170;159;173;196;206;204;206;200;204;203;193;197;211;214;216;231;171;116;;91;97;192;201;200;205;204;225;220;218;214;213;216;218;210;199;219;210;209;207;199;203;210;208;212;227;167;113;;91;92;189;209;215;216;210;230;218;218;221;222;221;216;204;193;169;160;177;204;210;205;204;203;208;221;160;105;;99;87;180;212;229;221;196;201;200;186;170;158;149;141;131;123;99;88;123;183;208;201;201;209;209;223;164;109;;90;90;194;214;196;158;132;152;145;126;107;99;100;102;104;105;127;109;135;189;207;197;197;209;207;223;167;117;;88;94;203;215;176;122;101;137;128;121;121;135;154;168;181;190;196;178;185;207;209;200;198;198;199;218;165;118;;107;92;187;215;203;164;135;156;191;189;193;202;208;205;202;205;208;199;200;202;199;202;202;192;196;217;165;117;;93;102;192;195;215;213;221;213;215;214;213;212;208;205;206;209;201;201;203;205;205;205;203;203;215;206;157;113;;90;99;187;189;207;206;215;210;215;209;208;213;216;213;212;216;203;203;202;201;202;203;204;206;219;211;163;119;;96;105;192;191;208;206;218;216;226;220;213;198;163;140;162;205;206;204;200;198;198;201;205;209;214;209;164;120;;99;109;198;197;212;209;221;218;208;196;196;190;138;92;130;205;206;203;200;197;198;201;205;209;207;206;164;122;;92;103;194;194;211;207;215;210;186;159;165;192;162;105;121;187;203;202;200;200;200;202;203;206;207;210;168;124;;89;98;188;191;210;207;212;204;153;128;133;161;144;103;121;179;200;200;201;201;202;202;202;203;207;211;167;118;;93;98;184;187;210;209;215;205;144;131;128;134;131;132;165;207;201;200;200;200;201;202;202;204;207;211;166;112;;93;95;178;181;205;208;214;204;212;194;169;159;173;194;201;195;202;201;200;199;199;201;203;205;211;216;170;116;;98;96;169;187;203;209;206;205;207;199;200;200;193;196;202;196;197;198;195;200;211;207;200;206;212;229;173;125;;102;102;175;191;202;206;202;201;209;202;204;204;197;200;203;198;201;202;198;202;211;206;199;204;201;217;163;115;;103;105;181;195;202;204;202;205;211;204;207;209;203;205;207;200;206;206;201;203;212;206;198;203;203;220;166;120;;96;102;182;197;204;207;208;214;211;205;209;212;208;208;209;200;208;208;202;204;213;207;199;205;213;232;179;134
;;79;105;89;81;88;81;81;81;79;82;84;84;85;86;85;83;93;92;90;85;84;84;88;91;82;84;105;82;;80;116;111;110;122;116;117;116;116;122;124;119;114;118;128;138;123;125;125;122;120;118;119;121;112;112;129;100;;119;168;177;183;195;191;191;189;192;199;203;203;200;197;199;203;202;204;206;204;202;198;197;198;200;195;203;162;;110;166;184;192;202;195;195;194;200;195;194;201;208;207;201;196;198;200;201;200;196;194;194;194;204;199;201;153;;113;173;192;198;206;202;203;203;210;199;195;199;205;206;207;210;206;206;206;203;201;200;201;203;206;206;212;165;;108;170;189;193;202;200;204;202;208;207;211;215;209;198;196;201;206;206;205;203;201;201;203;205;202;206;213;166;;113;175;194;198;209;208;212;208;209;199;196;205;209;204;198;199;197;200;202;201;200;199;199;201;201;204;207;152;;107;168;188;190;201;202;203;196;193;153;124;135;168;191;201;204;195;199;204;206;205;203;202;201;204;204;205;147;;115;180;188;195;192;204;206;209;142;120;129;124;107;156;209;192;203;198;206;199;216;194;200;210;204;210;218;174;;113;177;186;196;195;205;202;202;159;130;132;135;129;163;202;196;197;202;201;190;200;197;200;205;205;209;216;173;;115;176;185;199;200;209;201;199;182;154;146;154;159;173;191;194;198;215;207;197;197;212;212;216;206;207;211;169;;115;173;180;197;201;208;200;198;214;203;191;193;203;203;202;208;189;209;200;202;192;207;201;214;206;204;206;165;;117;172;177;195;199;206;200;202;201;211;203;196;205;206;195;194;202;214;207;219;205;203;192;211;205;202;203;163;;124;180;184;202;203;207;202;208;198;210;208;202;208;211;202;197;211;209;201;213;214;207;197;210;202;201;205;166;;123;180;187;204;200;200;193;199;211;202;198;201;206;207;204;200;165;152;143;149;185;195;196;195;201;203;210;173;;111;169;179;196;188;183;174;180;155;124;114;128;131;126;126;126;119;104;95;95;164;197;211;196;199;205;214;179;;121;172;194;204;205;194;189;174;140;122;126;125;105;107;118;104;114;109;120;150;180;195;202;206;214;198;202;173;;132;181;198;203;204;196;195;182;179;197;200;179;163;163;174;185;188;189;197;203;199;191;196;207;219;207;214;187;;138;184;197;200;202;198;204;195;199;219;211;199;216;219;202;197;192;196;205;209;201;191;198;212;203;195;208;183;;132;178;191;195;199;200;210;204;220;187;151;142;166;194;203;201;205;196;195;203;206;201;198;201;204;199;215;190;;129;174;188;194;200;201;211;205;200;145;138;145;125;145;194;208;211;198;193;202;210;206;201;200;209;206;219;189;;130;176;191;197;202;201;209;202;176;121;147;180;144;146;189;193;192;189;192;200;202;198;202;211;205;203;214;179;;129;175;190;195;201;202;210;203;199;134;129;157;151;167;199;198;208;206;207;209;203;194;197;207;211;211;224;187;;125;171;186;192;198;201;211;206;195;150;131;150;169;186;198;196;202;195;194;201;205;201;202;207;207;210;225;190;;127;175;192;198;203;203;205;192;202;201;198;195;193;193;195;199;187;195;194;196;205;205;202;208;214;218;210;189;;127;174;190;198;203;202;204;192;207;206;202;199;197;197;200;202;195;202;200;201;209;207;205;210;203;209;205;190;;126;172;188;197;202;200;202;193;209;208;204;201;200;199;201;203;201;207;203;202;208;206;202;207;201;208;209;200;;126;170;187;196;202;198;201;194;208;206;201;198;199;199;200;201;201;206;201;198;203;199;195;199;187;193;194;189
;;87;80;96;75;85;84;85;84;84;91;89;90;86;81;89;88;93;95;95;91;86;84;89;94;83;87;90;90;;81;86;118;110;124;122;118;117;120;115;113;116;112;114;124;119;114;116;117;115;111;111;115;120;122;123;123;120;;90;112;170;181;206;209;207;206;203;190;196;200;191;197;203;191;197;198;199;197;192;192;195;199;201;202;202;203;;86;114;177;189;208;201;195;194;197;186;209;212;196;203;204;196;203;203;203;199;195;193;194;196;199;197;199;205;;91;120;182;191;205;197;194;195;200;196;222;213;191;197;201;213;207;207;206;204;201;199;199;200;209;204;203;209;;79;108;170;180;199;198;202;206;209;205;214;176;146;148;152;191;202;202;202;203;203;203;204;204;209;202;201;209;;104;129;186;191;205;200;198;200;211;210;201;138;109;108;105;165;200;200;201;202;204;205;205;204;206;197;197;209;;93;119;178;187;205;200;198;200;206;211;199;133;115;113;105;175;206;205;205;206;207;207;206;205;215;205;204;215;;109;114;189;199;199;195;194;197;216;205;191;177;160;151;159;172;200;195;205;196;203;208;188;203;209;201;203;217;;88;97;178;194;198;196;195;199;205;203;205;206;201;193;194;200;204;203;210;196;196;201;192;214;212;202;200;210;;102;107;184;198;203;202;200;203;198;198;202;207;206;200;198;198;196;200;207;200;206;209;197;209;213;203;199;207;;108;106;177;187;195;199;197;199;211;206;202;202;205;206;207;207;204;206;202;199;212;215;202;201;209;201;201;212;;101;100;175;192;207;213;211;212;203;202;201;203;208;209;205;200;203;214;205;197;201;202;204;207;205;201;205;218;;100;109;192;208;210;207;202;202;206;210;214;213;207;194;174;157;149;191;206;208;200;189;201;209;205;202;209;222;;97;112;192;189;164;144;140;149;156;160;158;149;137;124;106;91;127;181;203;213;206;191;202;203;207;204;209;221;;105;121;195;172;126;97;101;121;138;137;130;119;117;124;130;129;175;208;201;202;201;194;208;203;207;204;208;220;;107;120;193;174;143;132;153;182;183;167;168;178;178;181;188;188;194;197;200;200;200;201;205;209;202;208;206;222;;103;114;190;192;190;193;200;208;195;194;204;212;209;203;194;183;197;199;202;202;201;202;205;208;199;203;198;212;;111;121;194;197;203;210;205;197;205;206;210;209;204;202;203;205;201;203;205;205;204;203;205;206;206;206;197;209;;98;114;190;188;189;200;206;205;212;205;194;185;175;168;185;218;203;204;205;206;205;203;203;203;213;210;198;210;;107;120;193;190;189;198;205;207;217;200;179;168;149;123;141;197;203;203;203;203;203;203;202;201;210;207;195;207;;118;116;183;190;198;202;196;191;210;187;152;134;121;97;119;183;203;201;199;199;201;203;204;203;208;208;197;209;;99;89;158;180;199;205;202;203;201;186;147;127;133;127;142;190;202;199;196;197;200;204;207;207;210;212;204;215;;114;102;167;183;191;188;190;203;201;206;179;164;185;184;175;191;203;199;195;195;200;206;210;210;209;213;206;216;;112;117;170;170;191;194;189;203;205;208;209;205;203;203;203;203;204;203;202;201;200;200;204;208;211;203;204;216;;111;117;176;178;196;199;192;202;197;200;201;197;195;195;195;194;202;202;201;200;198;198;202;206;212;204;203;214;;114;120;182;184;197;198;190;193;207;211;213;208;205;206;206;204;212;212;211;209;207;208;212;215;222;212;210;219;;119;123;186;185;188;189;182;180;175;182;183;177;174;176;175;171;176;178;177;173;171;174;177;178;186;174;170;177
;;101;87;93;91;91;91;83;95;90;103;90;82;95;88;86;114;105;102;100;101;101;100;101;104;106;108;94;94;;101;86;96;101;104;104;95;103;88;103;105;107;118;110;99;108;108;107;105;103;99;100;106;112;114;113;88;82;;120;105;134;164;184;197;195;204;189;191;191;192;198;199;196;192;186;188;187;181;174;172;177;181;170;160;115;93;;113;92;126;166;186;198;193;197;204;194;190;188;188;197;201;191;192;194;194;190;186;186;185;184;201;186;124;87;;128;97;134;179;192;199;195;193;201;193;198;205;205;206;207;198;197;197;193;189;191;197;198;196;199;189;121;80;;119;84;126;179;194;204;207;209;209;202;202;211;212;204;204;214;205;206;200;189;188;196;199;196;204;200;129;86;;133;90;131;182;186;192;199;201;204;201;193;196;193;163;155;183;178;193;202;196;191;194;197;193;200;200;129;81;;138;92;133;185;186;192;203;208;198;206;205;210;200;140;108;136;122;155;188;197;197;198;198;196;198;203;132;83;;137;94;144;191;182;195;209;195;210;204;208;212;197;164;141;136;114;125;188;192;198;197;204;191;207;201;130;85;;122;92;130;179;194;200;198;202;210;197;195;209;216;197;166;142;150;154;197;191;198;193;195;193;208;202;131;86;;118;96;123;172;204;201;188;206;205;201;201;204;207;203;194;183;186;184;202;192;203;197;191;203;209;204;133;88;;133;100;129;177;196;193;188;205;204;210;213;207;205;208;212;212;200;199;203;196;211;206;190;209;209;205;135;90;;149;95;133;180;175;184;199;202;199;198;197;199;208;213;207;196;209;210;207;202;211;211;187;203;207;204;136;91;;148;88;125;169;160;184;209;201;209;206;203;203;206;210;213;215;212;211;205;198;195;210;191;199;204;202;136;91;;138;91;112;148;164;194;209;203;207;205;208;212;208;200;202;211;173;168;163;158;151;195;198;205;201;200;135;91;;131;100;104;132;174;206;204;204;154;144;154;183;195;173;137;114;114;108;106;105;100;171;197;207;198;198;134;90;;136;103;102;148;189;194;197;207;146;125;140;157;142;132;138;128;133;152;154;146;159;181;194;201;200;198;133;94;;131;98;102;150;188;195;200;211;209;186;163;163;185;195;193;193;202;207;199;192;197;195;191;196;203;202;137;97;;131;99;107;156;188;194;201;211;196;210;196;192;219;217;203;214;205;200;193;196;206;200;196;207;205;206;142;101;;141;105;117;165;188;191;199;205;204;213;208;204;210;200;197;214;210;209;200;196;201;197;196;206;206;210;148;104;;148;109;125;174;190;192;201;200;214;195;203;217;203;181;169;153;190;209;210;198;198;200;198;200;205;212;152;106;;150;106;125;178;193;197;206;199;197;185;209;222;187;157;140;111;148;182;198;193;198;203;200;197;205;214;155;108;;149;101;123;179;194;200;209;195;212;214;206;179;156;156;162;157;169;193;204;204;207;202;195;195;205;217;159;110;;151;100;121;179;193;199;208;190;199;213;178;139;160;184;173;159;184;191;194;201;209;202;199;210;206;219;161;112;;165;109;127;169;185;197;200;200;206;201;164;122;125;150;162;161;188;198;197;194;202;204;199;202;205;211;171;121;;161;107;128;171;187;200;203;203;196;206;186;149;136;143;157;169;190;200;198;195;202;203;199;202;211;213;167;114;;160;108;130;173;187;197;197;196;200;214;212;195;186;182;191;208;198;207;205;201;207;207;203;204;209;209;160;104;;143;91;113;154;163;168;164;161;146;148;147;154;164;158;154;162;156;164;161;156;161;160;155;156;160;167;135;95
;;84;96;87;74;105;89;95;87;88;88;89;89;92;94;96;97;87;91;95;97;93;85;86;91;95;86;91;83;;79;105;103;94;124;116;128;121;116;119;124;128;130;128;126;123;125;125;128;131;127;122;122;127;147;139;145;137;;125;171;179;170;194;195;210;207;197;200;205;208;208;206;203;201;210;206;206;209;208;205;205;208;210;204;212;205;;106;168;183;173;183;190;204;202;199;199;197;197;198;199;200;201;208;203;200;202;204;202;203;206;219;214;225;220;;103;177;194;187;186;194;201;200;205;205;203;203;203;204;205;207;213;208;204;207;209;209;210;214;208;206;218;213;;102;178;195;198;193;200;200;201;200;202;207;210;211;208;205;203;213;209;208;210;210;208;211;216;208;207;219;214;;99;172;189;204;197;205;199;200;196;198;203;207;208;206;203;202;206;206;208;209;207;204;208;216;202;201;212;205;;99;169;186;208;202;206;197;200;204;203;203;204;205;207;210;211;208;209;213;215;211;207;212;220;210;207;218;209;;101;185;191;207;203;196;197;203;199;206;205;204;209;204;198;204;207;210;210;206;207;212;213;210;202;205;222;188;;103;188;192;209;205;199;200;206;198;207;207;202;201;201;208;221;200;202;203;203;205;208;210;210;205;206;220;186;;101;187;192;208;205;201;202;207;197;201;205;205;203;201;202;205;215;213;212;211;208;202;198;198;208;206;218;184;;96;184;190;205;202;200;202;205;213;204;204;210;214;219;216;205;201;201;204;208;208;204;201;202;210;205;216;184;;91;181;188;202;201;200;204;205;213;200;202;205;203;212;221;213;212;214;215;213;212;210;207;204;213;205;215;184;;89;181;189;201;201;204;207;207;212;211;232;236;211;204;209;198;192;198;194;184;187;201;208;203;216;205;214;185;;85;179;187;199;198;203;207;206;160;157;180;187;159;144;136;111;106;120;120;112;134;180;211;213;215;204;214;189;;82;176;184;195;195;200;204;203;157;128;128;134;121;125;123;93;92;107;100;84;108;166;206;209;212;202;215;194;;94;181;187;201;200;201;205;209;168;133;104;99;106;113;127;143;143;142;147;161;180;194;203;208;209;204;216;186;;94;181;187;202;202;203;206;208;209;197;183;169;157;153;169;190;197;195;195;199;205;209;211;213;208;204;218;190;;91;180;187;204;205;206;206;207;207;212;213;201;185;182;195;210;201;202;204;203;202;203;204;205;210;204;215;185;;89;178;186;205;207;206;206;205;204;208;209;205;205;209;211;207;191;199;204;205;203;206;210;212;207;201;211;179;;88;177;185;204;207;206;205;201;211;210;206;204;209;213;207;198;198;207;212;208;204;206;210;212;204;199;213;185;;90;177;183;202;206;205;202;198;202;202;202;202;201;199;200;201;196;205;208;201;197;201;205;204;211;207;220;192;;91;177;182;200;203;203;200;195;202;198;200;207;209;205;208;216;200;209;210;203;202;209;213;210;215;210;223;193;;94;177;181;198;201;201;198;193;209;193;188;203;212;207;202;205;203;210;209;199;198;206;209;204;208;204;218;190;;94;175;182;196;209;192;205;202;209;192;204;207;207;215;207;205;206;206;206;206;204;203;206;210;209;207;216;205;;77;161;177;198;217;204;216;214;209;194;206;207;206;213;208;210;207;205;204;204;205;206;209;211;208;205;212;197;;98;172;185;195;207;194;204;207;213;199;211;210;204;211;210;217;218;212;209;211;217;222;222;220;209;210;222;212;;69;125;122;112;113;99;108;121;118;105;117;113;104;112;115;125;128;121;115;117;128;138;136;129;141;147;166;164
;;105;90;90;85;89;96;84;86;86;86;88;91;94;95;94;92;86;95;98;91;85;86;88;88;97;89;98;93;;96;84;103;112;116;131;131;134;135;134;133;135;135;134;131;129;149;152;152;149;151;155;153;148;144;136;131;107;;125;113;152;175;174;195;207;206;203;202;200;201;201;201;198;195;196;193;190;191;199;204;200;191;196;190;168;122;;121;102;147;176;169;189;203;197;195;194;194;195;197;198;198;197;204;199;195;198;205;209;204;197;212;213;181;119;;135;111;153;183;179;196;205;195;202;200;200;202;206;209;209;208;204;202;201;203;205;205;203;201;203;211;174;106;;122;104;145;177;181;193;197;193;201;199;198;198;201;203;203;203;202;201;203;205;204;200;202;205;201;212;173;103;;109;105;148;181;192;198;197;204;206;203;201;201;203;205;205;205;198;195;197;201;202;199;199;204;205;216;172;102;;93;102;146;180;193;192;186;202;203;201;198;198;201;204;205;205;199;193;194;201;205;202;202;205;202;211;164;93;;115;103;154;193;193;201;201;195;193;201;203;196;191;195;200;202;202;197;196;199;202;203;205;208;206;214;165;104;;114;102;155;195;194;202;201;195;194;201;205;202;201;202;201;196;197;201;203;202;204;208;207;202;201;211;163;104;;111;102;157;196;195;202;201;194;204;203;199;196;198;202;202;198;197;205;208;199;198;203;202;195;196;205;156;98;;106;99;157;197;196;202;201;194;199;199;199;198;199;199;198;195;207;209;209;206;204;204;207;210;200;208;156;96;;101;96;156;197;195;202;201;195;195;203;214;218;212;203;197;194;206;199;201;209;208;199;199;208;207;214;161;99;;99;95;154;196;196;203;205;200;218;218;216;212;203;196;200;208;214;206;205;210;209;199;194;195;203;210;158;95;;98;95;155;197;197;206;210;208;214;201;186;173;163;160;170;181;200;199;189;178;185;203;209;202;197;204;152;90;;99;96;156;198;199;208;213;213;166;155;146;142;134;122;115;114;128;134;118;98;121;176;204;197;201;207;154;91;;99;97;160;191;208;203;202;194;131;123;117;122;131;130;114;98;110;117;109;97;121;171;199;199;197;214;136;89;;102;97;159;189;205;199;203;197;164;158;150;149;155;160;158;155;175;174;169;164;174;190;197;193;196;214;137;91;;102;97;158;187;202;196;203;202;205;203;198;195;195;199;206;212;208;201;200;205;206;199;193;192;195;213;136;90;;100;95;158;188;202;195;202;203;204;204;206;204;201;201;203;205;203;197;195;198;198;194;193;194;198;215;137;90;;99;91;154;189;205;195;199;201;201;199;199;200;200;199;195;192;205;205;200;193;193;197;199;196;199;217;139;90;;99;88;151;188;207;197;199;200;211;205;199;199;204;206;205;202;200;205;203;199;198;202;201;198;192;210;133;85;;103;87;145;184;207;199;200;201;202;198;194;193;195;198;199;199;198;194;196;203;203;197;197;203;194;211;133;87;;107;88;141;181;206;200;201;202;201;203;203;203;202;200;197;197;213;195;194;208;205;188;189;208;206;223;145;96;;104;100;150;187;191;196;199;206;200;199;200;202;201;196;198;203;204;205;205;203;199;197;197;199;201;205;151;109;;95;94;150;192;200;205;202;203;205;203;204;206;205;201;202;207;199;201;201;199;196;195;194;195;204;203;142;93;;111;106;156;195;205;211;204;200;211;209;211;213;211;209;209;214;210;212;213;211;208;206;205;205;200;199;140;95;;95;80;113;140;147;156;150;145;144;142;144;147;146;142;144;148;152;154;155;154;152;149;147;148;162;167;122;91
;;74;86;112;110;110;120;115;121;113;131;120;114;91;93;90;109;98;99;97;97;102;106;97;85;93;101;98;74;;94;109;143;156;174;194;190;192;201;205;191;202;202;212;195;195;191;195;195;193;193;195;191;183;180;186;162;107;;75;105;154;170;183;199;196;201;203;203;191;200;192;203;195;200;198;202;204;200;196;195;195;195;201;210;176;107;;85;136;201;210;199;202;203;216;213;214;209;220;202;209;205;210;212;213;213;210;206;206;206;207;208;210;172;101;;71;132;205;213;200;201;201;215;211;203;203;227;214;222;212;204;211;208;205;203;205;204;203;202;220;214;177;116;;77;131;200;214;212;220;213;214;217;209;210;216;177;185;204;219;216;209;206;209;211;209;208;208;210;204;172;121;;76;130;195;208;207;216;206;205;220;219;221;205;129;130;177;220;211;207;209;212;210;206;207;213;212;212;174;109;;79;141;212;218;209;215;213;220;222;220;227;218;141;135;169;200;204;205;210;213;208;200;204;214;208;217;177;101;;71;127;207;198;213;221;211;218;214;225;226;218;188;143;151;208;203;208;208;209;211;205;203;213;218;222;185;117;;83;138;216;205;216;218;207;213;224;222;225;234;206;143;138;196;200;202;206;205;204;207;210;210;225;228;189;118;;73;128;210;202;215;220;211;221;219;208;213;235;207;134;130;199;222;212;216;213;200;206;215;203;211;214;177;110;;81;133;212;203;215;215;205;215;221;215;223;243;214;138;129;194;217;193;205;218;202;202;214;204;212;216;183;116;;74;125;208;208;227;231;220;232;237;223;213;221;203;138;114;149;146;126;162;210;208;201;213;213;216;219;184;115;;67;118;204;210;231;230;210;214;218;181;140;136;139;107;88;109;98;95;143;204;214;203;207;216;209;213;179;110;;90;134;214;213;221;196;151;140;170;137;104;109;122;100;91;118;132;144;174;205;211;203;204;213;211;217;186;121;;79;125;208;212;220;188;132;113;143;141;149;178;182;137;119;150;185;203;208;200;200;200;204;215;205;211;180;115;;83;120;196;207;215;211;202;182;182;189;189;211;215;150;109;146;203;203;204;203;203;205;209;212;207;217;178;109;;79;115;189;199;211;216;219;210;211;221;215;226;221;151;97;117;202;202;202;202;202;204;208;211;208;217;178;106;;83;119;192;201;208;212;219;215;206;217;210;212;212;158;111;121;203;203;203;203;203;205;208;212;207;216;176;104;;80;119;198;210;213;207;210;205;206;215;208;209;220;200;175;183;207;206;207;207;206;208;211;214;204;215;174;105;;72;114;197;213;218;210;213;212;214;220;213;211;224;222;212;216;207;207;208;207;207;208;211;214;203;214;174;105;;81;117;195;210;216;210;217;220;207;212;209;208;215;213;205;204;205;206;205;205;204;205;208;211;205;215;174;104;;90;120;195;208;213;208;215;217;211;214;215;216;218;215;209;208;205;206;205;204;203;204;207;210;207;216;176;104;;80;112;189;208;217;210;215;216;216;214;213;214;212;208;208;210;207;208;208;207;206;207;210;213;208;216;176;106;;79;119;202;215;218;211;216;218;224;220;217;214;212;212;214;214;214;211;210;213;212;209;209;211;203;232;181;110;;93;118;185;197;206;206;211;209;192;193;195;199;204;210;216;219;204;202;203;207;209;208;209;214;223;234;187;119;;84;85;123;116;118;110;104;93;98;98;100;103;107;112;117;119;109;107;109;114;116;116;118;122;126;135;127;105;;98;87;114;104;108;102;98;87;91;90;88;86;84;84;84;84;88;85;85;88;90;87;87;90;82;83;97;104
;;75;100;81;92;85;78;76;96;87;83;79;81;86;87;84;79;87;90;84;85;89;83;77;84;81;91;86;79;;120;168;166;180;177;178;173;180;175;173;173;177;182;183;180;177;166;162;162;164;161;159;162;166;165;164;148;104;;119;183;193;206;204;213;207;205;200;201;203;204;203;201;199;196;203;190;197;202;189;192;205;204;214;207;196;115;;117;181;189;201;195;201;199;204;203;204;205;203;200;198;198;198;208;193;204;212;192;197;215;208;206;205;213;110;;131;186;194;212;205;202;200;214;205;206;205;203;203;205;208;211;210;195;209;218;198;201;215;206;207;204;224;109;;123;177;189;213;208;201;197;210;208;206;203;200;200;200;201;202;206;194;202;211;200;202;209;202;217;207;225;108;;124;184;194;209;205;208;202;207;213;211;209;209;211;210;207;203;209;201;200;206;210;211;211;212;217;202;216;105;;135;201;203;202;197;211;208;203;179;179;183;192;201;205;201;196;205;201;191;194;208;210;208;214;217;200;211;107;;124;200;192;207;208;213;213;217;148;101;131;198;208;202;204;190;209;196;197;203;203;207;211;204;208;210;205;108;;121;202;194;200;200;209;213;211;189;115;102;157;193;202;203;192;198;193;197;197;194;200;213;216;201;203;199;101;;107;193;195;199;207;218;228;224;203;146;105;118;160;195;212;215;202;206;210;209;205;205;208;210;203;206;201;103;;111;193;200;203;210;204;211;208;221;197;141;112;149;198;214;213;193;190;180;180;196;206;205;204;209;210;206;108;;115;191;206;216;227;205;218;222;237;211;147;116;150;177;166;155;141;128;104;113;164;202;209;210;207;209;205;107;;117;189;204;200;211;186;204;209;178;153;113;101;117;111;100;110;99;100;89;109;172;208;205;202;208;209;205;107;;126;199;194;149;145;122;143;134;116;115;101;93;99;105;115;129;126;151;152;161;199;211;198;200;210;211;208;110;;121;201;189;121;119;114;145;129;129;138;123;104;128;177;190;169;178;211;207;190;199;199;196;217;208;209;206;109;;123;184;186;179;147;138;148;174;189;229;162;111;107;191;195;200;200;204;205;199;199;205;207;205;205;206;203;104;;112;185;204;215;198;191;182;186;179;215;159;123;121;189;185;187;196;200;201;197;197;202;206;204;204;209;211;118;;123;189;195;200;197;209;209;210;202;228;163;111;111;192;205;204;196;199;201;198;198;202;206;206;202;209;215;125;;113;184;193;200;198;211;204;195;206;225;158;89;92;182;211;203;200;202;203;202;201;203;206;207;200;207;211;121;;114;189;202;207;200;212;208;204;201;210;175;140;142;192;204;195;204;204;204;204;202;201;202;206;204;210;211;118;;110;185;200;206;197;208;213;220;216;203;197;209;208;204;202;210;203;201;202;203;201;198;200;204;209;214;213;120;;83;167;201;224;214;208;197;201;215;195;198;214;210;196;200;211;201;200;201;203;203;199;202;208;208;211;211;117;;106;176;196;214;202;199;199;213;206;204;212;206;200;203;212;205;202;199;201;206;207;203;208;215;201;206;206;111;;112;173;205;218;205;194;216;211;198;201;215;214;200;197;206;207;205;204;205;206;208;210;212;211;215;199;211;115;;112;165;195;215;213;210;226;216;208;206;214;218;213;216;222;219;214;214;214;216;218;219;219;219;225;209;223;141;;83;114;128;140;143;145;153;141;146;136;138;144;145;152;155;147;146;146;147;146;148;147;147;148;166;152;171;120;;79;88;86;80;80;87;93;86;99;86;83;87;88;95;95;84;89;90;90;89;88;88;87;88;97;83;104;81
;;77;99;81;75;87;80;80;79;93;85;84;91;96;92;83;80;85;82;84;89;89;86;87;93;91;92;96;99;;94;134;139;146;160;153;149;145;132;136;140;143;147;147;140;132;136;135;137;141;139;134;136;143;126;126;126;125;;96;154;178;194;207;201;199;196;199;210;214;210;212;216;213;203;203;205;208;208;203;198;201;207;203;204;203;200;;91;158;185;195;204;200;206;208;202;204;202;199;199;202;200;195;195;199;202;199;193;189;192;198;193;197;199;197;;93;165;192;193;197;196;205;208;216;208;204;208;211;208;203;202;206;211;213;209;204;202;204;206;194;202;207;206;;88;166;194;195;200;200;205;201;208;206;204;204;206;205;202;200;202;205;206;202;200;203;204;202;197;205;209;204;;81;159;189;190;199;203;206;195;205;217;209;183;176;194;206;204;201;203;202;200;203;208;207;203;200;206;203;192;;83;159;185;186;198;206;210;199;201;223;204;148;132;170;201;198;200;201;200;198;204;211;210;202;206;210;204;188;;84;162;193;195;198;199;209;211;212;220;220;150;120;169;194;206;207;203;196;196;208;220;216;204;203;210;209;196;;86;167;197;196;200;197;200;199;203;205;190;138;125;175;204;200;205;203;201;198;196;198;201;202;205;208;206;200;;79;166;197;199;210;211;212;211;219;217;178;131;117;155;198;189;208;205;207;211;207;199;199;207;208;204;202;204;;81;169;194;191;203;198;196;199;208;212;169;130;113;147;217;225;216;204;204;215;215;202;200;211;210;200;197;205;;81;172;194;196;214;206;205;222;209;211;166;132;110;133;197;203;189;173;164;165;158;153;176;208;208;198;195;202;;86;176;201;208;224;199;192;223;214;199;163;128;100;103;123;118;122;115;109;100;88;98;151;209;203;199;196;198;;93;180;203;205;202;141;113;146;159;146;144;119;98;103;108;112;106;110;120;119;114;123;164;207;199;202;201;197;;78;168;198;208;203;126;89;126;114;114;140;121;100;116;127;154;150;160;179;195;198;193;193;199;195;204;205;195;;86;153;190;204;203;188;176;155;150;166;160;157;109;142;187;188;201;199;195;194;196;199;202;204;191;194;197;198;;80;149;188;204;210;204;206;193;205;205;186;142;101;127;198;205;199;199;200;198;195;197;202;207;198;199;199;198;;87;153;189;201;204;203;213;208;209;216;214;159;123;124;198;205;197;201;204;202;198;197;202;208;203;203;201;198;;94;158;190;197;197;194;207;204;188;208;218;185;135;106;156;175;196;200;203;203;201;200;202;205;203;203;203;202;;86;153;187;198;200;200;214;212;204;216;206;195;124;87;119;164;200;197;197;199;204;204;201;198;202;205;208;208;;81;147;184;198;202;203;215;210;209;216;197;206;151;126;148;199;202;197;194;198;205;207;202;197;205;208;211;212;;84;148;182;196;200;200;207;199;198;207;198;211;202;185;199;220;203;199;198;199;204;206;204;201;207;208;209;207;;88;150;183;196;204;204;209;199;208;212;206;199;220;202;212;202;202;202;202;203;203;204;206;208;206;206;204;199;;86;145;176;188;208;205;193;207;200;202;206;206;201;196;202;211;205;194;196;202;200;202;207;204;204;206;209;210;;86;142;176;193;217;217;206;218;205;206;208;210;207;205;209;216;213;204;208;214;211;211;215;213;215;217;218;218;;88;129;151;161;178;177;168;176;178;176;177;181;183;182;183;187;184;180;188;193;184;181;186;185;189;191;192;191;;67;87;91;88;95;95;90;97;98;93;93;98;102;100;98;99;95;93;104;109;97;91;95;96;100;102;106;107
;;96;81;95;79;92;87;86;90;90;89;88;88;90;92;95;98;91;99;100;98;98;102;102;97;98;107;95;94;;84;80;110;108;122;117;118;122;117;117;118;118;117;118;117;118;112;115;115;112;111;114;111;105;112;119;100;93;;103;109;159;173;189;185;188;189;200;201;202;202;200;198;194;193;191;191;189;185;185;184;180;173;174;173;132;102;;90;91;150;175;192;191;195;191;200;200;200;199;197;195;192;191;194;192;189;188;189;189;183;177;194;192;141;103;;108;97;154;181;198;198;203;194;203;203;200;198;198;196;198;199;199;196;195;198;200;198;195;193;188;192;137;97;;112;92;149;177;190;191;198;184;204;203;201;199;198;198;201;202;196;195;197;201;201;198;198;200;196;202;139;92;;113;93;157;189;196;194;204;191;204;203;202;201;200;200;200;200;195;195;199;202;198;192;194;200;189;198;134;86;;101;86;158;194;197;193;205;194;205;206;206;206;205;203;200;199;199;200;204;206;200;191;192;201;199;210;140;88;;101;84;152;192;186;192;192;209;206;159;135;195;197;195;196;199;191;209;199;202;186;196;187;202;207;207;138;87;;104;85;152;194;193;200;196;207;201;150;115;167;199;199;200;200;190;200;190;197;190;198;190;206;204;205;137;88;;104;84;150;193;197;207;199;205;196;152;114;148;206;199;200;206;199;201;189;197;195;196;188;204;202;203;137;88;;102;85;150;191;194;206;200;206;220;189;146;153;214;192;190;201;202;201;194;199;201;193;188;203;202;203;135;86;;102;88;155;191;191;205;203;210;207;179;126;128;204;198;201;214;199;200;199;198;204;193;192;204;202;203;134;84;;104;93;161;195;195;209;206;211;214;181;112;117;194;210;211;217;203;204;201;189;202;193;196;199;201;201;133;84;;104;93;161;198;201;215;205;204;230;204;132;131;168;179;167;166;175;171;166;150;183;191;201;195;199;199;133;84;;102;91;158;200;205;220;203;193;144;145;96;105;114;122;111;117;118;114;110;101;156;186;206;198;199;199;132;83;;102;89;167;187;175;145;118;104;100;105;95;88;101;109;108;109;106;107;111;124;154;187;201;197;191;199;135;86;;105;84;149;155;133;110;100;100;101;144;139;105;116;151;169;175;183;182;179;179;185;193;196;193;190;198;134;85;;109;92;161;173;165;163;178;196;191;199;147;103;150;209;212;193;194;193;194;193;188;182;184;189;194;200;134;84;;98;84;159;179;180;183;199;215;215;211;150;108;148;191;191;189;184;182;186;193;190;184;188;200;201;206;138;84;;109;92;167;194;201;202;207;213;200;204;155;112;140;183;192;190;201;193;192;195;194;186;188;196;201;206;138;83;;101;80;153;182;197;202;206;209;211;219;169;99;102;165;200;189;199;193;191;192;194;192;192;194;195;201;135;83;;118;94;162;187;199;201;203;204;197;220;202;123;74;120;184;197;191;195;198;198;201;206;206;204;192;198;134;84;;98;77;150;181;196;201;206;209;206;202;204;179;147;170;203;194;186;198;202;197;194;196;195;188;193;199;136;85;;112;80;150;190;190;209;202;204;202;199;205;205;194;194;199;196;198;198;199;199;195;192;193;196;198;202;143;92;;101;76;149;193;196;211;201;200;208;204;208;207;196;196;202;199;202;202;203;203;200;195;196;201;215;215;149;94;;96;77;139;180;185;199;192;192;206;202;206;205;197;200;210;209;208;204;205;207;204;199;199;203;193;196;137;87;;90;66;98;116;109;111;105;104;124;121;126;128;123;131;145;147;137;131;132;136;134;127;126;130;143;155;114;81
;;98;84;122;126;156;163;155;166;163;152;157;165;158;152;156;157;156;162;151;141;152;160;152;143;149;155;131;79;;72;98;163;150;163;180;184;190;187;195;198;188;185;199;204;192;193;195;191;189;195;200;194;182;193;195;163;103;;88;119;193;186;197;213;210;202;201;211;210;198;197;209;209;196;201;196;199;203;201;204;204;194;201;200;165;103;;91;107;189;201;208;208;203;201;215;209;203;205;213;209;201;202;207;200;205;207;198;200;208;205;206;206;171;110;;73;103;201;210;200;201;206;207;209;207;194;192;208;210;204;211;208;210;213;212;204;204;211;212;216;215;181;119;;78;113;204;200;197;216;205;163;189;214;201;176;190;207;204;203;200;212;203;194;203;208;204;206;209;210;177;115;;83;100;183;186;194;215;178;101;158;209;218;198;205;212;205;211;208;219;181;158;195;216;208;212;210;211;178;118;;84;94;188;210;211;211;171;108;106;169;207;218;224;205;195;220;212;215;149;113;170;209;204;213;210;209;173;111;;79;101;192;204;209;219;202;167;151;138;174;209;217;212;204;216;191;173;128;123;172;196;193;204;211;214;180;115;;89;107;197;207;208;220;218;201;156;118;124;159;205;232;217;206;132;138;134;149;186;202;200;207;200;203;170;106;;90;105;197;210;207;213;221;219;207;144;106;118;180;225;193;153;119;140;166;189;201;204;205;207;202;204;170;106;;87;100;197;217;210;207;210;212;231;181;129;99;130;164;138;113;163;175;198;210;203;202;210;209;212;214;177;111;;91;100;194;219;216;210;210;208;213;214;187;122;96;110;130;166;197;196;202;204;198;202;212;213;213;214;177;109;;93;99;189;210;210;212;215;213;208;231;222;148;93;87;128;209;206;206;202;200;201;203;206;209;211;212;175;108;;89;100;189;205;204;212;217;212;209;200;174;134;117;103;104;155;197;212;210;205;210;202;197;210;213;214;176;108;;85;104;199;212;208;214;217;210;221;165;116;120;170;163;109;106;176;208;211;206;213;201;194;219;214;214;175;105;;87;85;198;201;207;214;221;212;165;108;123;187;212;206;163;96;102;173;213;205;203;204;204;212;211;218;178;108;;85;92;196;194;220;230;207;167;115;135;180;209;214;223;196;136;89;125;172;207;215;198;192;207;212;217;176;104;;90;99;196;195;221;204;153;112;117;173;214;208;203;221;221;199;136;94;106;173;211;202;194;203;213;217;172;99;;93;96;193;204;218;168;117;115;169;198;206;198;202;207;212;226;199;125;109;163;201;206;208;207;212;216;172;99;;84;88;189;203;222;184;155;170;195;207;202;205;218;206;196;214;212;184;185;200;201;206;215;209;208;215;173;102;;78;88;188;189;218;220;208;204;199;216;212;205;215;212;205;215;215;218;218;207;200;210;213;202;205;212;173;104;;84;88;191;190;209;220;220;207;209;216;209;200;205;210;215;224;217;219;205;193;203;212;207;201;206;212;170;99;;88;80;195;205;207;201;209;212;217;204;200;208;213;207;208;216;202;214;209;208;215;204;197;214;209;213;167;93;;86;93;177;199;210;212;213;220;205;208;209;208;206;205;209;212;213;211;203;205;215;210;201;204;209;226;178;115;;76;89;178;203;213;211;205;205;208;211;214;213;210;208;210;212;214;212;203;204;213;209;201;205;218;221;169;108;;96;108;195;215;222;217;207;203;211;216;221;221;217;213;211;211;229;225;214;214;223;220;214;221;224;214;160;108;;80;86;161;169;171;169;163;159;160;166;173;174;169;162;158;156;147;142;129;127;136;134;131;137;159;146;113;90
;;78;127;119;127;131;143;131;124;125;119;118;122;119;110;111;118;116;115;115;117;118;118;113;109;98;96;124;75;;111;170;175;186;185;195;189;187;199;197;196;197;194;191;193;198;198;198;199;199;198;197;195;193;192;186;205;145;;104;176;192;204;196;201;201;207;194;197;196;192;191;193;196;197;196;198;199;196;192;190;192;194;204;194;204;134;;103;176;195;203;192;196;196;204;206;213;212;202;201;209;212;209;208;211;213;208;200;198;203;209;215;206;215;141;;115;185;197;206;197;202;200;206;202;207;206;198;196;203;205;202;205;209;210;204;197;195;202;209;203;198;210;135;;117;181;190;201;197;205;203;205;204;208;209;205;203;205;207;206;206;210;211;207;201;200;206;213;205;204;219;143;;119;183;194;205;204;214;211;212;203;202;205;209;208;205;205;209;204;207;209;207;203;203;207;212;206;209;224;147;;114;181;193;207;205;213;209;211;196;193;198;207;207;200;201;208;204;207;209;208;206;206;209;213;204;206;221;143;;115;183;203;206;214;218;178;189;207;208;196;211;217;199;203;212;211;210;208;204;202;203;208;214;217;210;217;136;;115;179;199;202;198;189;131;110;160;202;211;208;204;202;210;200;169;184;202;210;206;202;204;208;206;199;207;127;;118;179;204;215;211;211;155;109;128;191;217;209;201;209;214;187;112;144;184;207;208;204;205;209;218;211;219;140;;113;172;192;207;206;224;194;146;110;155;194;220;213;194;185;155;110;141;180;203;208;205;207;212;216;210;219;140;;126;187;196;203;194;213;204;167;107;113;155;214;199;145;136;134;167;181;197;206;207;205;207;210;212;206;217;139;;129;202;204;214;206;216;218;196;154;117;120;161;139;102;135;171;203;204;204;203;203;204;208;212;215;211;221;146;;109;192;190;208;211;214;220;215;212;154;108;105;97;121;187;208;200;200;200;200;200;203;207;211;208;205;216;141;;115;200;188;206;214;209;213;218;231;176;111;85;101;172;228;199;195;199;205;205;202;200;202;204;212;209;221;146;;110;181;208;215;203;200;227;213;194;115;101;116;93;107;171;208;197;209;210;203;202;200;203;215;212;204;215;140;;121;188;197;203;218;219;212;166;114;121;156;176;143;111;126;158;204;208;199;192;201;207;205;207;213;205;217;144;;128;194;197;203;211;178;149;116;117;167;206;214;189;135;104;114;179;197;200;195;201;207;203;202;218;211;225;153;;120;191;206;218;192;113;100;127;184;205;211;208;208;185;137;106;110;162;199;203;201;200;202;209;207;200;214;143;;107;186;208;220;193;123;133;182;203;198;200;203;209;216;187;135;76;136;187;201;201;199;203;213;208;201;214;142;;110;186;198;204;203;181;195;205;196;196;206;205;196;209;212;186;132;164;189;200;206;202;198;204;213;207;219;146;;114;180;192;200;206;205;218;199;199;211;207;198;199;202;205;216;197;201;198;202;209;202;196;202;204;198;209;136;;107;168;195;215;207;192;214;205;194;213;194;191;226;214;191;212;207;203;197;201;207;199;199;215;213;206;218;145;;126;183;202;200;199;202;209;198;203;208;204;204;211;208;201;204;204;205;206;204;202;201;202;203;211;206;220;160;;100;159;188;199;205;204;210;201;200;204;199;198;207;206;202;206;207;208;210;209;207;206;207;208;213;203;209;145;;120;168;194;211;213;202;207;206;215;216;207;204;214;213;208;212;215;216;216;214;211;208;207;208;206;199;209;156;;89;123;134;147;143;126;136;146;167;164;149;141;147;145;138;142;151;151;149;145;138;132;128;127;121;122;142;109
